Track URI,ISRC,Track Name,Album Name,Artist Name(s),Release Date,Duration (ms),Popularity,Explicit,Added By,Added At,Genres,Record Label,Danceability,Energy,Key,Loudness,Mode,Speechiness,Acousticness,Instrumentalness,Liveness,Valence,Tempo,Time Signature
spotify:track:7jxHeJLVpnP7S08JFF4GBi,COS019800787,"Ciega, Sordomuda","Donde Estan Los Ladrones","Shakira",1998-09-29,267826,81,false,manucardona1120,2026-10-02T16:53:24Z,"latin pop","Epic",0.746,0.876,1,-6.042,1,0.0345,0.0438,0.00000251,0.112,0.928,119.97,4
spotify:track:7dITAq1YP5e0kTcaDq4YWI,MXF010600234,"Limón y Sal","Limon Y Sal","Julieta Venegas",2006-05-25,205413,80,false,manucardona1120,2026-10-02T16:53:29Z,"latin pop,latin rock","Ariola",0.634,0.649,11,-6.056,1,0.0255,0.138,0,0.288,0.491,111.03,4
spotify:track:7DhYjNLksXZhbRQeheAums,USWL10200073,"Caraluna","Caraluna","Bacilos",2002,266160,82,false,manucardona1120,2026-10-02T16:53:38Z,"colombian pop,latin pop","WEA Latina",0.76,0.773,9,-5.314,1,0.0675,0.176,0,0.1,0.895,102.789,4
spotify:track:5fSDXbY8o9pA3TKwAbfwML,USWL10200081,"Mi Primer Millon","Caraluna","Bacilos",2002,237386,77,false,manucardona1120,2026-10-02T16:53:49Z,"colombian pop,latin pop","WEA Latina",0.745,0.924,5,-3.898,1,0.0355,0.201,0.0000501,0.121,0.909,103.033,4
spotify:track:100Tm6z29RfHTdUQ6NIs0s,MXF010600165,"Me Voy","Limon Y Sal","Julieta Venegas",2006-05-25,187520,81,false,manucardona1120,2026-10-02T16:53:56Z,"latin pop,latin rock","Ariola",0.575,0.679,2,-3.845,1,0.0278,0.0664,0,0.0956,0.601,107.878,3
spotify:track:4waqcUQWdj0yH26STWl2Rq,ES5110304435,"Rosas","Lo Que Te Conte Mientras Te Hacias La Dormida","La Oreja de Van Gogh",2003,236506,84,false,manucardona1120,2026-10-02T16:55:05Z,"latin pop","Columbia",0.783,0.685,9,-5.008,1,0.0271,0.627,0.00000349,0.108,0.54,107.01,4
spotify:track:1mlGScrDQqHqmhdIqE8MmA,ES5701700822,"Besos En Guerra","Balas Perdidas","Morat;Juanes",2018-10-25,231532,79,false,manucardona1120,2026-10-02T16:55:45Z,"colombian pop,latin pop,rock en español","Universal Music Spain S.L.",0.691,0.973,2,-3.586,1,0.048,0.126,0,0.101,0.783,143.961,4
spotify:track:5EJ2THuhAapEIeQOtXUQ0x,MXF159200061,"Oye Mi Amor","¿Dónde Jugarán Los Niños?","Maná",1992,263306,86,false,manucardona1120,2026-10-02T16:55:50Z,"rock en español,latin rock,mexican rock,latin pop","WM Mexico",0.543,0.903,11,-6.658,0,0.039,0.0102,0.00585,0.0862,0.962,162.241,4
spotify:track:6Pur3hWy6Nzc27ilmsp5HA,ARF049400245,"Lamento Boliviano","Big Bang","Los Enanitos Verdes",1994-01-01,222226,83,false,manucardona1120,2026-10-02T16:55:53Z,"rock en español,latin rock,argentine rock,mexican rock,latin alternative","EMI Latin",0.714,0.735,4,-7.125,0,0.0306,0.176,0.000622,0.115,0.68,123.57,4
spotify:track:2vCHDrXVN0k1GPTjSIZ69E,MXF140400190,"Noviembre Sin Ti","Reik","Reik",2005-05-24,203226,74,false,manucardona1120,2026-10-02T16:56:13Z,"latin pop","Columbia",0.757,0.765,0,-5.707,1,0.0313,0.0131,0,0.37,0.745,133.973,4
spotify:track:7gKs1zCe0oSzpBjNyvdMIP,USUM72022962,"Niña Bonita - Remastered 2020","Mi Niña Bonita (Remastered 2020 / 10 Anniversary)","Chino & Nacho",2010-01-01,215960,73,false,manucardona1120,2026-10-02T16:56:52Z,"merengue,reggaeton,latin","UMLE - Machete",0.666,0.921,9,-5.462,1,0.138,0.226,0,0.15,0.723,120.03,4
spotify:track:0M6KY0x5u65ybXHZ3IAega,MXF140400187,"Qué Vida la Mía","Reik","Reik",2005-05-24,171320,71,false,manucardona1120,2026-10-02T16:57:02Z,"latin pop","Columbia",0.758,0.802,9,-4.507,1,0.0383,0.0528,0,0.183,0.804,98.022,4
spotify:track:4fFgpzgSkmn3wajioLBPOr,USMP60661908,"Mis Ojos Lloran Por Ti","Mis Ojos Lloran Por Ti","Big Boy;Angel Lopez",2006-01-01,295533,79,false,manucardona1120,2026-10-02T16:57:26Z,"reggaeton","Musical Productions",0.794,0.831,8,-9.235,1,0.331,0.0135,0.00000112,0.11,0.328,172.407,4
spotify:track:1q8NdCAQ9QUjpYiqzdd3mv,US3H30500209,"Atrévete-Te-Te","Calle 13 (Explicit Version)","Calle 13",2005,239306,78,true,manucardona1120,2026-10-02T16:57:39Z,"latin hip hop,latin alternative,reggaeton","Sony Music Latin",0.829,0.878,9,-5.951,1,0.101,0.0959,0,0.776,0.883,87.991,4
spotify:track:48NXpYRuvv9izul4oXhqS9,USUM70603099,"Salió El Sol","King Of Kings","Don Omar",2006-01-01,315293,84,false,manucardona1120,2026-10-02T16:57:42Z,"reggaeton,urbano latino","UMLE - Machete",0.887,0.701,4,-5.892,0,0.0872,0.106,0.00948,0.0466,0.965,110.002,4
spotify:track:5ZrDlcxIDZyjOzHdYW1ydr,DKBKA9700403,"Barbie Girl","Aquarium (Special Edition)","Aqua",1997-01-01,197960,78,false,manucardona1120,2026-10-02T16:58:46Z,"europop,eurodance","Universal Music A/S",0.812,0.879,1,-10.998,0,0.0397,0.017,0.224,0.365,0.962,129.991,4
spotify:track:0H0iOExW3XWT5xVdfClsFr,USUL10500195,"Pobre Diabla","Latin Spring Party 2021 Vol. 2","Don Omar",2021-03-12,255680,63,false,manucardona1120,2026-10-02T16:59:07Z,"reggaeton,urbano latino","UME - Global Clearing House",0.741,0.787,5,-6.228,1,0.0525,0.217,0.0179,0.0835,0.771,91.993,4
spotify:track:4hfiDzgfMqtcOiUQpZidBQ,MXF148900303,"Quién Como Tú","Quién Como tú","Ana Gabriel",1990,211733,75,false,manucardona1120,2026-10-02T16:59:30Z,"ranchera,mariachi","Columbia",0.689,0.464,8,-10.979,1,0.0353,0.0812,0.000016,0.109,0.347,140.558,4
spotify:track:2EM9zpAc7PVeoAydmbfVIL,USUL10400965,"La Camisa Negra","Mi Sangre","Juanes",2004-01-01,216706,78,false,manucardona1120,2026-10-02T16:59:37Z,"latin pop,colombian pop,rock en español","National Own (UC)",0.751,0.731,6,-4.419,0,0.0308,0.0838,0,0.0556,0.973,97.007,4
spotify:track:5YoITs1m0q8UOQ4AW7N5ga,QM6N21759342,"Gasolina","Barrio Fino (Bonus Track Version)","Daddy Yankee",2004-07-13,192600,87,false,manucardona1120,2026-10-02T16:59:59Z,"reggaeton,latin","Craft Latino",0.852,0.797,0,-6.543,1,0.0614,0.322,0.00000269,0.0845,0.741,96.008,4
spotify:track:2PYJnUWEPPP8C6b79UiwIl,USRC10000573,"Ven Conmigo (Solamente Tú)","Mi Reflejo","Christina Aguilera",2000,190240,62,false,manucardona1120,2026-10-02T17:00:13Z,"","RCA Records Label",0.905,0.882,8,-3.498,1,0.0489,0.17,0.0000782,0.0958,0.962,118.95,4
spotify:track:1di1BEgJYzPvXUuinsYJGP,USJI19710083,"Everybody (Backstreet's Back) - Radio Edit","Backstreet's Back (European Version)","Backstreet Boys",1997-08-12,225360,83,false,manucardona1120,2026-10-02T18:51:00Z,"","Jive",0.731,0.853,10,-4.219,0,0.0363,0.0352,0,0.268,0.605,108.016,4
spotify:track:6NG2IIXZfC5Notpz0GIODU,ES5110204055,"The Ketchup Song (Aserejé) - Spanish Version","Aserejé (The Ketchup Song)","Las Ketchup",2002,213000,67,false,manucardona1120,2026-10-02T18:51:14Z,"","Sony Music Publishing Spain",0.602,0.947,1,-5.642,1,0.115,0.00842,0.0000641,0.123,0.883,184.976,4
spotify:track:5ETEk6G40TFStO62Pa7Khe,COS019800121,"Amarte Mas No Pude","Diomedes - 30 Grandes Exitos","Diomedes Diaz;Juancho Rois",1998,289386,56,false,manucardona1120,2026-10-02T18:51:39Z,"vallenato","Columbia",0.611,0.569,1,-10.075,1,0.0765,0.343,0,0.0817,0.961,156.998,4
spotify:track:5enCBu8FLjlLz60k9t15MA,QZTB92401845,"Coqueta","Coqueta","Heredero",2024-08-23,235020,63,false,manucardona1120,2026-10-02T18:52:29Z,"musica popular colombiana,ranchera","FEIZAR HEREDERO",0.727,0.657,2,-7.606,1,0.0561,0.115,0,0.098,0.868,180.055,3
spotify:track:6pYbhX5gYix4ESpbSUArnA,ES5018572005,"Devuélveme a mi chica","Lo Mejor De Los Hombres G","Hombres G",1999-03-26,194080,60,false,manucardona1120,2026-10-02T18:53:08Z,"rock en español,latin rock,mexican rock","WM Spain",0.594,0.936,9,-4.722,0,0.0944,0.0224,0.000351,0.191,0.39,172.547,4
spotify:track:0gatssZ0J7pMAlvFCGZZGH,USEL19200537,"Como La Flor","Entre A Mi Mundo","Selena",1992,186373,72,false,manucardona1120,2026-10-02T18:53:15Z,"tejano,cumbia,música mexicana,grupera","EMI Latin (LAT)",0.597,0.511,10,-9.997,1,0.0303,0.134,0.000703,0.285,0.888,182.079,4
spotify:track:1Je1IMUlBXcx1Fz0WE7oPT,GBAAA9600008,"Wannabe","Spice","Spice Girls",1996-01-01,173026,84,false,manucardona1120,2026-10-02T18:54:12Z,"","Virgin Records",0.768,0.864,11,-6.149,1,0.0324,0.101,0,0.162,0.891,110.009,4
spotify:track:6naxalmIoLFWR0siv8dnQQ,USJI10000100,"Oops!...I Did It Again","Oops!... I Did It Again","Britney Spears",2000-05-16,211160,86,false,manucardona1120,2026-10-02T18:56:10Z,"pop","Jive",0.751,0.834,1,-5.444,0,0.0437,0.3,0.0000177,0.355,0.894,95.053,4
spotify:track:5x5JM1BSB6vollcIzDocqT,USWD10935758,"The Climb","The Time Of Our Lives (International Version)","Miley Cyrus",2009-01-01,234520,77,false,manucardona1120,2026-10-02T18:56:32Z,"","Hollywood Records",0.336,0.602,4,-6.354,1,0.0325,0.0635,0,0.141,0.299,161.01,4
spotify:track:6a8GbQIlV8HBUW3c6Uk9PH,USJAY0900144,"I Know You Want Me (Calle Ocho)","Pitbull Starring In Rebelution","Pitbull",2009-10-23,237120,61,false,manucardona1120,2026-10-02T18:56:43Z,"","Mr.305/Polo Grounds Music/J Records",0.825,0.743,2,-5.995,1,0.149,0.0142,0.0000212,0.237,0.8,127.045,4
spotify:track:1TEjSXPdAakDotj2Wji3PU,USCA20802544,"Hot N Cold","One Of The Boys","Katy Perry",2008-06-17,220226,79,false,manucardona1120,2026-10-02T18:56:59Z,"pop","Capitol Records",0.706,0.842,7,-3.956,1,0.0417,0.0000773,0,0.0688,0.861,132.032,4
spotify:track:4llK75pXNWZz6KAho2Gp16,USUM71204501,"She Will Be Loved - Radio Mix","Songs About Jane: 10th Anniversary Edition","Maroon 5",2002,259453,87,false,manucardona1120,2026-10-02T18:57:07Z,"pop","Interscope Records*",0.651,0.663,0,-5.569,0,0.0281,0.228,0,0.0994,0.465,102,4
spotify:track:49FYlytm3dAAraYgpoJZux,USUM70736771,"Umbrella","Good Girl Gone Bad: Reloaded","Rihanna;JAŸ-Z",2008-06-02,275986,88,false,manucardona1120,2026-10-02T18:57:25Z,"hip hop,east coast hip hop,rap","Def Jam Recordings",0.585,0.828,1,-4.603,1,0.124,0.00906,0,0.0426,0.584,174.034,4
spotify:track:5xEM5hIgJ1jjgcEBfpkt2F,USAR10200223,"Complicated","Let Go","Avril Lavigne",2002-06-04,244506,88,false,manucardona1120,2026-10-02T18:57:34Z,"","Arista",0.585,0.776,5,-5.898,1,0.0459,0.0572,0.00000774,0.3,0.427,77.987,4
spotify:track:1hGy2eLcmC8eKx7qr1tOqx,USSM10701781,"Beautiful Girls","Beautiful Girls","Sean Kingston",2007-07-23,225373,84,false,manucardona1120,2026-10-02T18:57:49Z,"","Epic",0.762,0.661,1,-6.075,0,0.0687,0.15,0,0.256,0.769,130.009,4
spotify:track:0vg4WnUWvze6pBOJDTq99k,USAT20401588,"You're Beautiful","Back to Bedlam","James Blunt",2005-08-08,212960,80,true,manucardona1120,2026-10-02T18:57:58Z,"","Custard/Atlantic",0.675,0.479,0,-9.87,0,0.0278,0.633,0.0000176,0.088,0.454,81.998,4
spotify:track:3E7dfMvvCLUddWissuqMwr,USHR10924519,"Party In The U.S.A.","The Time Of Our Lives (International Version)","Miley Cyrus",2009-01-01,202066,84,false,manucardona1120,2026-10-02T18:58:05Z,"","Hollywood Records",0.652,0.698,10,-4.667,0,0.042,0.00112,0.000115,0.0886,0.47,96.021,4
spotify:track:1mea3bSkSGXuIRvnydlB5b,GBAYE0800265,"Viva La Vida","Viva La Vida or Death and All His Friends","Coldplay",2008-06-06,242373,90,false,manucardona1120,2026-10-02T18:58:11Z,"","Parlophone UK",0.486,0.617,5,-7.115,0,0.0287,0.0954,0.00000323,0.109,0.417,138.015,4
spotify:track:4HlFJV71xXKIGcU3kRyttv,USSM10904113,"Hey, Soul Sister","Save Me, San Francisco (Golden Gate Edition)","Train",2010-12-01,216773,86,false,manucardona1120,2026-10-02T18:58:19Z,"soft pop","Columbia",0.673,0.886,1,-4.44,0,0.0431,0.185,0,0.0826,0.795,97.012,4
spotify:track:1QV6tiMFM6fSOKOGLMHYYg,USUM70824409,"Poker Face","The Fame","Lady Gaga",2008-01-01,237200,87,true,manucardona1120,2026-10-02T18:58:27Z,"art pop,pop","Streamline/Interscope",0.851,0.806,4,-4.618,1,0.0787,0.119,0.00000172,0.121,0.774,119.001,4
spotify:track:4kgTdThcDHfuDS2kKxB7Lc,USCJY0803328,"You Belong With Me","Fearless (Platinum Edition)","Taylor Swift",2008-11-11,231146,73,false,manucardona1120,2026-10-02T18:59:02Z,"","Taylor Swift",0.687,0.771,6,-4.424,1,0.0384,0.164,0.0000246,0.112,0.445,129.964,4
spotify:track:5R9a4t5t5O0IsznsrKPVro,USSM10803760,"Single Ladies (Put a Ring on It)","I AM...SASHA FIERCE","Beyoncé",2008-11-17,193213,70,false,manucardona1120,2026-10-02T18:59:51Z,"","Music World Music/Columbia",0.426,0.584,1,-5.293,1,0.296,0.0383,0,0.188,0.272,193.437,4
spotify:track:76E0QcBrJSXr9wzAA8Xzgi,TCAAT1038327,"Yesterday","The Beatles Greatest Hits Performed By The Frank Berman Band","The Beatles Greatest Hits Performed By The Frank Berman Band",2010-11-29,133375,38,false,manucardona1120,2026-10-02T19:00:28Z,"","The Beatles Greatest Hits Performed By The Frank Berman Band",0.35,0.192,5,-10.15,1,0.0333,0.293,0,0.0913,0.264,177.914,4
spotify:track:7J1uxwnxfQLu4APicE5Rnj,USSM19902991,"Billie Jean","Thriller","Michael Jackson",1982-11-30,293802,94,false,manucardona1120,2026-10-02T19:01:35Z,"","Epic",0.932,0.457,11,-9.62,0,0.0541,0.0173,0.0436,0.0414,0.884,117.002,4
spotify:track:2y8rZoB5iJBt233kASCihn,USWD11038146,"Introducing Me","Camp Rock 2: The Final Jam","Nick Jonas",2010-08-06,187626,52,false,manucardona1120,2026-10-02T19:03:29Z,"","EMI Catalogue",0.509,0.495,11,-6.073,1,0.0515,0.491,0,0.0773,0.684,112.893,4
spotify:track:2JQRlt3HpTCpRvcfDsbwic,USWD10833742,"This Is Me","Camp Rock OST","Demi Lovato;Joe Jonas",2008-01-01,189173,53,false,manucardona1120,2026-10-02T19:03:37Z,"","EMI Catalogue",0.497,0.822,1,-2.863,1,0.0399,0.011,0,0.0947,0.58,90.992,4
spotify:track:45hOioMDJktr86iKDHC8gr,USRC10700021,"Girlfriend","The Best Damn Thing (Expanded Edition)","Avril Lavigne",2007-04-17,216600,82,true,manucardona1120,2026-10-02T19:04:02Z,"","RCA Records Label",0.56,0.959,7,-2.433,1,0.102,0.000722,0.000221,0.209,0.669,163.983,4
spotify:track:37VoMBYfOxPDiMPUP5iMIn,CLBB20400009,"El Hombre Que Yo Amo","Los Romanticos- Myriam Hernandez","Myriam Hernandez",2007-01-01,217160,55,false,manucardona1120,2026-10-02T19:04:50Z,"","Capitol Latin",0.317,0.572,8,-4.697,0,0.051,0.222,0,0.131,0.199,177.461,4
spotify:track:1jxO9AwMqYynDsuMWKrPvi,USWI10000001,"La bikina - En vivo","Vivo","Luis Miguel",2000-01-11,179040,74,false,manucardona1120,2026-10-02T19:05:28Z,"mariachi,bolero,latin pop,ranchera,villancicos","WEA Latina",0.389,0.71,5,-6.265,1,0.0351,0.161,0,0.918,0.666,160.397,3
spotify:track:3hbTkJ0yFzHbawnKyhvTQj,MXF060400907,"Sálvame","Rebelde","RBD;Anahí;Dulce María;Maite Perroni;Christian Chávez;Christopher von Uckermann;Alfonso Herrera",2004-01-01,224973,75,false,manucardona1120,2026-10-02T19:07:13Z,"latin pop","Universal Music Mexico",0.473,0.657,6,-6.278,1,0.024,0.0454,0.00000241,0.068,0.294,74.996,4
spotify:track:5wBBoVjoounI5e36oI8oZe,ARF540500003,"Flores Amarillas","Floricienta","Floricienta",2005-06-21,223186,68,false,manucardona1120,2026-10-02T19:07:51Z,"","Cris Morena Group",0.708,0.794,6,-5.565,1,0.0272,0.0444,0,0.143,0.626,121.995,4
spotify:track:2ekn2ttSfGqwhhate0LSR0,GBAHT1600310,"New Rules","Dua Lipa (Deluxe)","Dua Lipa",2017-06-02,209320,78,false,manucardona1120,2026-10-02T19:08:36Z,"pop","Warner Records",0.762,0.7,9,-6.021,0,0.0694,0.00261,0.0000156,0.153,0.608,116.073,4
spotify:track:386RUes7n1uM1yfzgeUuwp,USAT21001886,"The Lazy Song","Doo-Wops & Hooligans","Bruno Mars",2010-05-11,189109,84,false,manucardona1120,2026-10-02T19:09:01Z,"","Elektra (NEK)",0.794,0.711,8,-5.124,0,0.0699,0.3,0,0.0955,0.955,174.915,4
spotify:track:18C2ThadMI2M476zx00PFi,US83W0500033,"Ella y Yo (feat. Don Omar)","Todavía Me Amas: Lo Mejor de Aventura","Aventura;Don Omar",2002,267786,69,false,manucardona1120,2026-10-02T19:09:09Z,"bachata,reggaeton,urbano latino","Premium Latin Music",0.726,0.705,9,-8.184,0,0.274,0.518,0,0.238,0.71,175.926,4
spotify:track:2GSr8anleCXKLNjjjijoMZ,MXF140400189,"Yo Quisiera","Reik","Reik",2005-05-24,217986,77,false,manucardona1120,2026-10-02T19:09:36Z,"latin pop","Columbia",0.682,0.658,2,-5.251,1,0.0432,0.0823,0,0.0851,0.784,77.978,4
spotify:track:5IU4JO2cpa0wPK8oQWFfCr,ES6009500061,"Un Beso Y Una Flor","Super 20","Nino Bravo",1976-01-01,272800,69,false,manucardona1120,2026-10-02T19:10:27Z,"","Universal Music Spain S.L.",0.258,0.522,9,-9.859,1,0.0316,0.688,0,0.0703,0.419,167.582,4
spotify:track:2RJ1fg4qf2vgZKifTa4HgA,MXF060401033,"Sólo Quédate En Silencio","Rebelde","RBD;Anahí;Dulce María;Maite Perroni;Christian Chávez;Christopher von Uckermann;Alfonso Herrera",2004-01-01,219520,72,false,manucardona1120,2026-10-02T19:10:40Z,"latin pop","Universal Music Mexico",0.464,0.775,7,-4.838,1,0.0313,0.203,0,0.0478,0.672,184.089,4
spotify:track:12MZRMXbJYQyorNxv8IRZ6,ESD010800122,"Un violinista en tu tejado","Un violinista en tu tejado","Melendi",2008-08-15,222720,54,false,manucardona1120,2026-10-02T19:10:50Z,"flamenco,flamenco pop","Parlophone Spain",0.512,0.843,1,-6.283,0,0.183,0.405,0,0.241,0.58,156.388,3
spotify:track:1JLB67iNVIOs6NCiMAB1Fo,MXUM70600579,"Ni Una Sola Palabra","Ananda","Paulina Rubio",2006-01-01,224786,67,false,manucardona1120,2026-10-02T19:12:07Z,"latin pop","Int'l Latin America",0.764,0.805,5,-3.814,0,0.0294,0.0385,0,0.163,0.646,130.097,4
spotify:track:0iJNLXHRF5egPjYb7vuNIS,COF019500756,"Adonay","Historia Musical de Rodolfo Bailable","Rodolfo Aicardi;Los Hispanos",2014-04-07,187045,0,false,manucardona1120,2026-10-02T19:12:13Z,"música tropical,cumbia,cumbia sonidera","Discos Fuentes",0.762,0.66,2,-6.265,0,0.0515,0.667,0,0.0563,0.974,118.116,4
spotify:track:6syqaRHW4FsOgdGgoWvAb1,COF011500240,"Repítela","Repítela","Jessi Uribe",2015-08-11,209075,0,false,manucardona1120,2026-10-02T19:12:23Z,"musica popular colombiana,ranchera,vallenato,banda","Discos Fuentes",0.584,0.532,4,-3.903,0,0.04,0.0954,0,0.1,0.667,149.957,3
spotify:track:4qDw65LRA3tT1ZDmghkgFA,USBL10400143,"Me Bebí Tu Recuerdo","Me Bebi Tu Recuerdo","Galy Galiano",1996-02-29,199720,69,false,manucardona1120,2026-10-02T19:12:34Z,"salsa,ranchera,musica popular colombiana","Ariola",0.583,0.352,4,-7.883,1,0.0319,0.547,0.000213,0.325,0.693,149.224,3
spotify:track:341yVMdDoVfyyLONHM8Wi6,TCACH1504421,"El Problemón","Lo Que Nunca Nos Contamos","Bonka",2006,214414,0,false,manucardona1120,2026-10-02T19:13:07Z,"colombian pop,latin pop,champeta","Sony Music Entertainment",0.775,0.785,9,-6.272,1,0.0563,0.07,0,0.123,0.806,122.57,4
spotify:track:50O4PdSUjqt9pyTreRF2iZ,COSO11300387,"Carito","Dejame Entrar","Carlos Vives",2001-11-06,218333,53,false,manucardona1120,2026-10-02T19:13:18Z,"colombian pop,vallenato,latin,latin pop","Write Bright LLC",0.69,0.88,5,-5.361,1,0.0568,0.0293,0,0.0941,0.942,111.075,4
spotify:track:0b9rQbZr4di61R6PFEpyg7,ESA012189344,"Caballero - En Vivo","Ayer, Hoy y Siempre (En Vivo)","Luis Alfonso",2021-06-04,219069,62,false,manucardona1120,2026-10-02T19:13:24Z,"musica popular colombiana,ranchera,vallenato","YT Rocket",0.631,0.493,0,-7.456,1,0.0638,0.568,0,0.121,0.679,105.249,4
spotify:track:0uzR8Ehgl6BGsU2ZvLPe3A,ZZOPM2239496,"Nuestro Juramento","Nuestro Juramento","Juan Fernando Velasco;Alzate",2022-09-02,202425,32,false,manucardona1120,2026-10-02T19:13:42Z,"colombian pop,latin pop,musica popular colombiana,ranchera,vallenato","UNION MUSIC GROUP",0.633,0.5,7,-5.461,0,0.0353,0.566,0,0.0901,0.514,119.823,4
spotify:track:2E4TYekUduml1DWIqQWNcj,BK4DA2424934,"Destino Final","Destino Final","Yeison Jimenez;Luis Alfonso",2024-09-26,173154,72,false,manucardona1120,2026-10-02T19:14:55Z,"musica popular colombiana,ranchera,vallenato","Yeison Jimenez",0.532,0.86,8,-3.498,1,0.0708,0.191,0,0.396,0.839,124.962,3
spotify:track:3xkHsmpQCBMytMJNiDf3Ii,USWB12307016,"Beautiful Things","Fireworks & Rollerblades","Benson Boone",2024-04-05,180304,90,false,manucardona1120,2026-10-02T19:15:33Z,"","Night Street Records, Inc./Warner Records Inc.",0.472,0.471,10,-5.692,1,0.0603,0.151,0,0.14,0.219,105.029,3
spotify:track:4w6Wpq1KWk485krowaqUIV,USUG12503286,"Viajando Por El Mundo","Tropicoqueta","KAROL G;Manu Chao",2025-06-20,268075,77,false,manucardona1120,2026-10-02T19:15:41Z,"reggaeton,latin,urbano latino,latin alternative","Bichota/Interscope Records",0.603,0.82,11,-5.76,0,0.154,0.166,0,0.18,0.826,163.942,4
spotify:track:6VNXmo59yDYgcwLS17UNAW,QMFMF2447066,"CAFé CON RON","DeBÍ TiRAR MáS FOToS","Bad Bunny;Los Pleneros de la Cresta",2025-01-05,228836,83,false,manucardona1120,2026-10-02T19:16:22Z,"reggaeton,trap latino,latin,urbano latino","Rimas Entertainment LLC.",0.328,0.153,9,-26.802,1,0.0564,0.148,0.00000128,0.397,0.0376,95.506,4
spotify:track:3sK8wGT43QFpWrvNQsrQya,QMFMF2447070,"DtMF","DeBÍ TiRAR MáS FOToS","Bad Bunny",2025-01-05,237117,94,true,manucardona1120,2026-10-02T19:16:34Z,"reggaeton,trap latino,latin,urbano latino","Rimas Entertainment LLC.",0.625,0.131,7,-27.405,0,0.0717,0.177,0.218,0.0807,0.032,136.02,4
spotify:track:47cVjB6QKLkV8RgzGLNJOU,QM7281713564,"Llamado de Emergencia","Talento de Barrio","Daddy Yankee",2008-07-29,239920,78,false,manucardona1120,2026-10-02T19:17:36Z,"reggaeton,latin","Craft Latino",0.703,0.909,4,-4.456,0,0.0358,0.216,0.00000157,0.162,0.777,97.982,4
spotify:track:2EBCVPNAG46nbgs6jXPGvv,USCM51200060,"Starships","Pink Friday: Roman Reloaded The Re-Up (Explicit Version)","Nicki Minaj",2012-01-01,210626,82,true,manucardona1120,2026-10-02T19:18:13Z,"","Nicki Minaj/Cash Money",0.747,0.716,11,-2.457,0,0.0751,0.135,0,0.251,0.751,125.006,4
spotify:track:3fRIuTih8bzc0vtY9fHhvF,NLB639560009,"Talento De Televisión","Mis Favoritas","Willie Colón",2010-06-08,279320,76,false,manucardona1120,2026-10-02T19:18:28Z,"salsa,merengue,son cubano","Sony Music Latin",0.779,0.796,2,-6.675,1,0.0434,0.701,0.0000399,0.0636,0.938,104.947,4
spotify:track:25OeKzcqakFPaJlXHPE5lm,QZQMB2104890,"Primera Cita","Colmillo De Leche","Carín León",2023-05-19,186455,2,false,manucardona1120,2026-10-02T19:19:19Z,"banda,norteño,sierreño,corrido,ranchera,grupera,sad sierreño,música mexicana","Socios Music LLC",0.558,0.395,10,-7.804,1,0.0643,0.587,0.0000757,0.0985,0.497,158.03,3
spotify:track:0aZnyTWJNgdzYoOiaW8HKG,USUM72023892,"200 COPAS","KG0516","KAROL G",2021-03-26,217213,76,false,manucardona1120,2026-10-02T19:20:15Z,"reggaeton,latin,urbano latino","UMLE - Latino",0.515,0.704,9,-5.25,0,0.206,0.767,0,0.415,0.885,91.246,3
spotify:track:1EzrEOXmMH3G43AXT1y7pA,USEE10800667,"I'm Yours","We Sing. We Dance. We Steal Things.","Jason Mraz",2008-05-01,242946,86,false,manucardona1120,2026-10-02T19:20:29Z,"soft pop,acoustic pop","Atlantic Records/ATG",0.703,0.444,11,-9.331,1,0.0417,0.559,0,0.0973,0.712,150.96,4
spotify:track:6epn3r7S14KUqlReYr77hA,USUM70919263,"Baby","My World 2.0","Justin Bieber;Ludacris",2010-01-01,214240,89,false,manucardona1120,2026-10-02T19:21:45Z,"southern hip hop","RBMG/Def Jam",0.728,0.859,5,-5.237,0,0.137,0.0401,0,0.111,0.535,65.043,4
spotify:track:0tKcYR2II1VCQWT79i5NrW,USUM71704167,"Thunder","Evolve","Imagine Dragons",2017-06-23,187146,9,false,manucardona1120,2026-10-02T19:24:22Z,"","Universal Music Group",0.6,0.81,0,-4.749,1,0.0479,0.00683,0.21,0.155,0.298,167.88,4
spotify:track:4cluDES4hQEUhmXj6TXkSo,GBHMU1100018,"What Makes You Beautiful","Up All Night","One Direction",2012-05-25,199986,88,false,manucardona1120,2026-10-02T19:25:00Z,"","Syco Music UK",0.726,0.787,4,-2.494,1,0.0737,0.009,0,0.0596,0.888,124.99,4
spotify:track:2XSCXW31rOKM6MsNrGJTKi,QZ22B1767150,"Locked Away","Would You Still Love Me the Same (Will You Tell Me Honestly)","Adam Lang",2017-03-29,226777,48,false,manucardona1120,2026-10-02T19:25:29Z,"","Adam Lang",0.693,0.515,1,-9.299,1,0.0723,0.497,0,0.3,0.683,94.004,3
spotify:track:2kIq7Oq6YNfdUuTrmPC4w1,USWD11037948,"Ordinary Girl","Hannah Montana Forever","Hannah Montana",2010-01-01,177506,67,false,manucardona1120,2026-10-02T19:26:41Z,"","Walt Disney Records",0.411,0.847,7,-3.705,1,0.219,0.0265,0,0.222,0.398,182.496,4
spotify:track:1XGmzt0PVuFgQYYnV2It7A,USUM71203347,"Payphone","Overexposed Track By Track","Maroon 5;Wiz Khalifa",2012-01-01,231173,89,true,manucardona1120,2026-10-02T19:27:28Z,"pop","Interscope Records*",0.743,0.752,4,-4.813,1,0.0414,0.0188,0,0.287,0.545,110.015,4
